"Id, First_Name, Last_Name, Email, Salary"
32128606-1109-4659-85c4-00f12d6637db,Kelli,Glenn,kelliglenn@gmail.com,868022.06
9d53d9be-d2e5-4384-ab10-770126a4fe25,Kyle,Hammond,kylehammond@gmail.com,611022.02
ee430b82-30ce-4fb5-bfcd-eda0b37f1a1e,Nichole,Kim,nicholekim@gmail.com,984011.59
9a443bb0-b5e6-4be7-944a-c5c8451eedeb,Deborah,Robbins,deborahrobbins@gmail.com,874558.27
917b8256-74c5-4923-b30c-d5f3e7fd90a1,Trevor,Romero,trevorromero@gmail.com,345455.98
6d5765f1-0884-4234-9d8f-9b8babafa2ab,Michael,Parker,michaelparker@gmail.com,891418.65
2c4327d6-3a5b-49bb-bd18-cf86e4df4e0b,Miguel,Martin,miguelmartin@gmail.com,37631.68
3ca0e139-01a7-4d70-858e-e0e49fc52ce1,Kristin,Ellis,kristinellis@gmail.com,878334.52
ad557c3d-dad1-47db-a2cb-3b79f2da83e9,Mitchell,Hall,mitchellhall@gmail.com,947741.34
4bf2ae62-1abf-4574-a8db-ec7500acf405,Wanda,Cochran,wandacochran@gmail.com,643749.53
100f5e37-7d05-45d4-a8a2-afb37f80a824,Michael,Martinez,michaelmartinez@gmail.com,448210.36
1fc2f419-53c4-4999-a15b-86f40011adfe,Erica,Gilbert,ericagilbert@gmail.com,964422.75
67a513d0-8ac9-4635-a420-e5d7cf11326d,Gary,Jenkins,garyjenkins@gmail.com,396859.09
6836cf21-19b9-4c7d-a727-d6138333e2f6,Julie,Richards,julierichards@gmail.com,88730.80
d6d91a1f-8ab7-44ec-9a0a-0d38d105fd50,Cassandra,Allen,cassandraallen@gmail.com,932058.15
4c0594f1-5c20-478a-9a7d-9682055df77e,Marisa,Price,marisaprice@gmail.com,646962.60
31cafd2f-5cef-4b73-81cd-d30ad07b3455,Andrea,Hill,andreahill@gmail.com,689516.14
edc32ace-bca7-4633-af2e-4eafacdb57cf,Carl,Murray,carlmurray@gmail.com,723813.41
52797bc1-76b4-4034-9f61-4e082b9b2c9e,Erica,Brewer,ericabrewer@gmail.com,237463.80
edc92de1-22d8-49b6-9c84-133c21141ec2,Angela,Mitchell,angelamitchell@gmail.com,962796.78
ef4b06f4-71dd-4624-9fa4-f4bbd33e77b8,Christian,Johnson,christianjohnson@gmail.com,241121.92
32e79d30-7019-48f3-85f6-2c9640c5e1cb,Rachel,Kennedy,rachelkennedy@gmail.com,826673.23
c40bc0e9-f89c-4369-966f-7bb153775257,Joseph,Sanchez,josephsanchez@gmail.com,325401.72
049fdab1-25df-4ce9-b79b-4e9d143a2319,Zachary,Andrews,zacharyandrews@gmail.com,929013.28
5901bc5b-4654-4d8f-98b9-eb3d95350400,Amber,Castillo,ambercastillo@gmail.com,214541.74
3cc514dd-dc1e-4bd3-94de-dfdcd3e0f012,Brett,Clements,brettclements@gmail.com,438849.45
b7040d6e-6285-4b59-8eda-29f43b68c034,Katelyn,Thompson,katelynthompson@gmail.com,720916.76
3ddc1987-659f-492e-b76f-eebeaeaf76ad,Alicia,Miller,aliciamiller@gmail.com,584366.33
48968b71-da85-44bc-9341-1ac0286eef93,Jacob,Miller,jacobmiller@gmail.com,506580.39
906ca27c-b2ff-444c-be0b-862a5f8be1d0,Steven,Morris,stevenmorris@gmail.com,78520.88
256fe8fb-b707-4d0d-8522-835f8a879d6d,Peter,Fleming,peterfleming@gmail.com,730514.03
402dcf89-5b32-4297-a4fc-7e5b71f669a7,Jacob,Rhodes,jacobrhodes@gmail.com,967873.62
8fe4fd11-1411-47e9-a1f4-6d10a5d36ed2,Robert,Powell,robertpowell@gmail.com,361553.19
1146aaf7-4ecc-4c97-99a0-f02b82e4041c,Melissa,Horn,melissahorn@gmail.com,693632.24
5df98d71-e116-4e0e-9366-be344461d728,Megan,Wilson,meganwilson@gmail.com,376457.40
90802ff2-69d0-4808-9f99-da6277c6cd7b,Adam,Figueroa,adamfigueroa@gmail.com,981945.09
b739579c-87bc-45c5-a5bc-4c80d6510e12,Vanessa,Bell,vanessabell@gmail.com,779816.28
7040556a-17d5-4c29-a377-72313ee6e97b,Jeffery,Wilson,jefferywilson@gmail.com,183260.07
7c7897d5-2685-4d3a-9a87-a2ab42648c09,Amy,Long,amylong@gmail.com,559344.19
e50b9dab-2d1b-4297-992f-f5c7cd020028,Debra,Washington,debrawashington@gmail.com,98709.65
9c6c1eff-1995-4a83-a7e4-af6ab1eba2e7,Nicole,White,nicolewhite@gmail.com,167040.93
4bb7b1f9-d4c0-43e1-b0e9-e89e6c8e1664,Jennifer,Collins,jennifercollins@gmail.com,656470.50
54b87990-1fb4-4b87-8c43-12987086c407,Andrew,Murray,andrewmurray@gmail.com,782274.96
51d630cf-c4d1-475a-ab2b-408c274c6cc0,Jessica,Lang,jessicalang@gmail.com,500091.74
fb0e4056-a9b4-4ecb-bd05-ecb9c8f3b9ef,Lisa,Payne,lisapayne@gmail.com,82595.74
580e3abb-34eb-44c9-9c82-6b9ad011b7fa,Veronica,Simon,veronicasimon@gmail.com,476310.40
a3d27d28-ba79-47d6-a45d-43b2e3136a21,Caitlin,Ramsey,caitlinramsey@gmail.com,192714.73
9d0931b9-e84d-4721-b976-a93207e9b1bc,Lisa,Jackson,lisajackson@gmail.com,611918.92
b9d5553a-131c-4dbb-a646-dcc8a3b24837,Jeffrey,Bailey,jeffreybailey@gmail.com,296539.50
29fdcc3a-e202-48f6-891a-ce93d6c5fd94,Heather,Oneal,heatheroneal@gmail.com,849498.35
18aa4eef-5729-4af2-a718-ece509d3672a,Regina,Mcbride,reginamcbride@gmail.com,893773.27
ab32a8c5-3014-444d-899c-1e26bd612dbb,Eric,Thompson,ericthompson@gmail.com,779564.67
33483f85-5f0d-4bd3-b6fe-11ca6ae51712,Emily,Gibson,emilygibson@gmail.com,839145.90
f809ca45-c278-4669-a222-858bde7c6658,Sarah,Taylor,sarahtaylor@gmail.com,35260.22
10b71f89-8a5f-41cd-830f-03c6776dd84e,Michael,Ramsey,michaelramsey@gmail.com,740118.11
cd7680a9-87ae-4903-b9d6-a9b17bc9def3,Brianna,Park,briannapark@gmail.com,562431.15
596ceaec-2bb3-49a8-a493-6439e8e42a90,Natasha,Mcintyre,natashamcintyre@gmail.com,707599.99
dc530d5f-505f-49ce-ae2c-d9264a336ed3,Miss,Carolyn,misscarolyn@gmail.com,492533.82
9b7e726f-ba16-4a2e-ad3c-6d31bcc5b447,Sandra,Guerrero,sandraguerrero@gmail.com,908018.28
1602bcde-3622-4a19-9988-fb46eda5ea75,Dana,Strong,danastrong@gmail.com,464021.10
aac9681a-0899-45d0-80d4-3e51b49a8ee9,Susan,Davis,susandavis@gmail.com,325672.95
456d8f65-ae5a-4ab3-b1f7-d2f97c4ce2ea,Robert,White,robertwhite@gmail.com,642819.99
b2f15fc3-1726-4df9-b524-b4ad55eeee65,Mikayla,Brown,mikaylabrown@gmail.com,885053.71
5bda64b4-4992-4af8-b9da-24d3d6aae9ba,David,Reynolds,davidreynolds@gmail.com,590569.41
7af91c1b-23d1-47b7-86dd-d0717a40edd7,Walter,Hernandez,walterhernandez@gmail.com,341876.48
0b6115b7-8194-471f-a11e-ca48a01305d3,John,Wilson,johnwilson@gmail.com,581000.10
dbc8bfd4-3199-4ff0-b261-bcebcbfd9724,Margaret,Johnson,margaretjohnson@gmail.com,494995.18
d41890ec-2075-4a1c-adc1-fc61fdc6c0e4,George,Garcia,georgegarcia@gmail.com,583326.91
382db07c-c21a-4f45-a36d-dadf6dde620b,Michael,Bennett,michaelbennett@gmail.com,312981.80
1ecd4987-861f-4f09-891f-af60061bad79,Christine,Bonilla,christinebonilla@gmail.com,482218.32
559c4486-8a72-4500-94c0-f7cab7356373,Amy,Wagner,amywagner@gmail.com,323938.16
71f0775e-639c-4b38-81fc-479edbcadd2a,Shawn,Rodriguez,shawnrodriguez@gmail.com,887934.80
8a1588ad-03ab-4b74-8b82-1cb7c2d3be8d,Ashley,Sanchez,ashleysanchez@gmail.com,243544.33
e173e08e-013e-4ee3-9102-c08e74d04054,Gary,James,garyjames@gmail.com,532150.90
be1ec3ae-4435-4978-9ac9-8e8b707c10ec,Michael,Hall,michaelhall@gmail.com,133863.74
4bd39a8f-e4f2-4a7e-93cf-ea4d184d14ef,Emily,Schneider,emilyschneider@gmail.com,336714.18
74f76c3e-6412-478b-8261-00c184aea0c9,Thomas,Weiss,thomasweiss@gmail.com,975578.29
f293aee1-f09c-4eec-8b5c-c87b0c0b0733,Jeffrey,Fletcher,jeffreyfletcher@gmail.com,190541.77
7b40039e-927b-4c76-adcc-488dd3a7013b,Rebecca,Roberts,rebeccaroberts@gmail.com,929403.53
5f1cc538-dab7-41aa-90ab-5b0253f77ed3,Victoria,Smith,victoriasmith@gmail.com,295074.44
880caef8-66b3-4c05-bff5-a645eab7ff7b,Gina,Bryant,ginabryant@gmail.com,554527.71
f6814513-de7f-431f-a7e1-4de6cc8c1326,Briana,Frazier,brianafrazier@gmail.com,854449.54
31eae74d-6622-4e05-87d2-b47e523a6984,Mark,Mclean,markmclean@gmail.com,687733.21
d73ace14-f031-419d-9f0c-67b689a55bb2,Christine,Chavez,christinechavez@gmail.com,262239.41
d803dcc4-8aae-412b-b611-c8613e05e2af,Eduardo,Kelly,eduardokelly@gmail.com,638424.51
21fa4639-6d84-4620-b23d-1e02616787ca,Anna,Hanson,annahanson@gmail.com,915609.98
8325fb7c-64b2-407a-9081-d9c3af579a83,Scott,Smith,scottsmith@gmail.com,862117.20
fe48d8d8-0678-4cae-8b5d-886a86a0fbfa,Shane,Cole,shanecole@gmail.com,471225.67
c9ac0a3d-a858-4bd7-936c-a1b860d39246,Gregory,Hall,gregoryhall@gmail.com,116983.46
581bf5b2-1f4a-4d5f-9bf6-36b52d55a40c,Bradley,Mcdonald,bradleymcdonald@gmail.com,709639.45
9296f0be-0322-48d2-8faf-37fe06f191a6,Keith,Cook,keithcook@gmail.com,99619.52
4b0bed18-868a-4da9-83f6-330bcb584da0,Jaclyn,Wise,jaclynwise@gmail.com,41255.15
d0916a0c-62cb-4516-8c30-bb14402dbece,Jody,Allen,jodyallen@gmail.com,319262.39
a89e1b1e-880b-4177-944f-6dcb3f52d72b,Anthony,Long,anthonylong@gmail.com,318499.14
a849e2f1-9ac2-4a1f-9e12-34081a9f8c08,Taylor,Morgan,taylormorgan@gmail.com,215417.78
a79a6310-bb67-470f-9165-2714480cdb33,Marco,Scott,marcoscott@gmail.com,361126.29
7afd9544-61ad-4d23-8394-ad9c92a6a7e8,Jennifer,Gonzalez,jennifergonzalez@gmail.com,976049.97
103b7e49-eb0d-4bd3-a835-bfdc59d0b1bc,Daniel,Robinson,danielrobinson@gmail.com,337199.08
2420c4ee-892c-45cb-8fe6-0c0f85565d7b,Jason,Zimmerman,jasonzimmerman@gmail.com,48204.07
22df0aee-6766-4929-ac5b-304f877b4923,Eric,Lee,ericlee@gmail.com,597071.34
